<oneoff_actions>
    <oracle.oracore.rsf version="11.2.0.3.0" opt_req="O">
        <copy name="timezlrg_23.dat" path="%ORACLE_HOME%/oracore/zoneinfo" file_name="oracore/zoneinfo/timezlrg_23.dat"/>
        <copy name="timezlrg_23.dat" path="%ORACLE_HOME%/oracore/zoneinfo/big" file_name="oracore/zoneinfo/big/timezlrg_23.dat"/>
        <copy name="timezlrg_23.dat" path="%ORACLE_HOME%/oracore/zoneinfo/little" file_name="oracore/zoneinfo/little/timezlrg_23.dat"/>
        <copy name="timezone_23.dat" path="%ORACLE_HOME%/oracore/zoneinfo" file_name="oracore/zoneinfo/timezone_23.dat"/>
        <copy name="timezone_23.dat" path="%ORACLE_HOME%/oracore/zoneinfo/big" file_name="oracore/zoneinfo/big/timezone_23.dat"/>
        <copy name="timezone_23.dat" path="%ORACLE_HOME%/oracore/zoneinfo/little" file_name="oracore/zoneinfo/little/timezone_23.dat"/>
        <copy name="readme_23.txt" path="%ORACLE_HOME%/oracore/zoneinfo" file_name="oracore/zoneinfo/readme_23.txt"/>
    </oracle.oracore.rsf>
</oneoff_actions>