<oneoff_inventory>
    <opack_version version="11.2.0.1.9"/>
    <reference_id number="19396455"/>
    <unique_patch_id>18065791</unique_patch_id>
    <date_of_patch year="2014" month="Sep" day="19" time="07:39:05 hrs" zone="PST8PDT"/>
    <base_bugs>
        <bug number="19396455" description="DST-23; DST UPDATE SEPTEMBER 2014 - TZDATA2014F"/>
    </base_bugs>
    <required_components>
        <component internal_name="oracle.oracore.rsf" version="12.1.0.1.0" opt_req="O"/>
    </required_components>
    <os_platforms>
        <platform name="Microsoft Windows x64 (64-bit)" id="233"/>
        <platform name="Solaris Operating System (x86-64)" id="267"/>
        <platform name="Microsoft Windows (64-bit)" id="208"/>
        <platform name="Linux x86-64" id="226"/>
        <platform name="Compaq Tru64 UNIX" id="87"/>
        <platform name="MS Windows Server 2003" id="215"/>
        <platform name="Sun Solaris Intel" id="173"/>
        <platform name="Linux Intel" id="46"/>
        <platform name="MS Windows NT" id="912"/>
        <platform name="Linux Intel Itanium" id="214"/>
    </os_platforms>
    <executables></executables>
    <instance_shutdown>false</instance_shutdown>
    <instance_shutdown_message></instance_shutdown_message>
    <online_rac_installable>true</online_rac_installable>
    <run_as_root>false</run_as_root>
    <sql_migrate>false</sql_migrate>
    <wls_prereq_oneoffs></wls_prereq_oneoffs>
    <prereq_oneoffs></prereq_oneoffs>
    <coreq_oneoffs></coreq_oneoffs>
    <overlay_oneoffs></overlay_oneoffs>
    <patch_type value="singleton"/>
    <product_family value="db"/>
    <auto>false</auto>
    <applicable_product value=""/>
    <products></products>
    <update_components></update_components>
</oneoff_inventory>
